Survey_ID,Customer_ID,Store_Location,Visit_Date,Purchase_Amount,Wait_Time_Min,Staff_Rating,Product_Rating,Cleanliness_Rating,Recommend,Total_Rating
1,CUST001,Surat,2026-01-07,3759.44,9,2,2,1,Yes,1.67
2,CUST002,Rajkot,2026-01-09,343.03,8,2,5,5,Yes,4.0
3,CUST003,Surat,2026-05-24,1154.42,22,5,4,2,No,3.67
4,CUST004,Ahmedabad,2026-01-02,3842.28,7,4,3,3,Yes,3.33
5,CUST005,Vadodara,2026-03-28,690.61,14,1,3,3,No,2.33
6,CUST006,Surat,2026-04-28,2773.89,14,1,5,3,No,3.0
7,CUST007,Vadodara,2026-01-18,419.96,9,3,1,2,Yes,2.0
8,CUST008,Rajkot,2026-03-13,2376.37,28,3,2,3,No,2.67
9,CUST009,Vadodara,2026-06-21,1481.49,23,1,5,2,Yes,2.67
10,CUST010,Vadodara,2026-04-29,2021.39,22,5,2,3,Yes,3.33
11,CUST011,Vadodara,2026-01-09,4064.22,14,3,1,2,No,2.0
12,CUST012,Vadodara,2026-06-17,2596.31,30,4,2,3,Yes,3.0
13,CUST013,Vadodara,2026-05-24,2787.09,25,5,4,5,No,4.67
14,CUST014,Ahmedabad,2026-02-26,4987.16,6,5,4,1,Yes,3.33
15,CUST015,Surat,2026-02-09,3211.74,27,4,5,1,No,3.33
16,CUST016,Rajkot,2026-06-02,4981.38,18,3,5,1,Yes,3.0
17,CUST017,Ahmedabad,2026-06-14,1832.84,11,4,2,4,Yes,3.33
18,CUST018,Ahmedabad,2026-05-09,3857.42,18,1,3,5,Yes,3.0
19,CUST019,Vadodara,2026-04-06,3860.05,19,5,1,5,Yes,3.67
20,CUST020,Ahmedabad,2026-05-06,293.49,13,3,2,1,Yes,2.0
21,CUST021,Surat,2026-01-22,3713.16,28,1,5,2,Yes,2.67
22,CUST022,Rajkot,2026-05-21,992.61,18,5,4,2,Yes,3.67
23,CUST023,Vadodara,2026-03-21,2115.16,23,3,4,5,No,4.0
24,CUST024,Surat,2026-03-05,1278.55,12,1,5,5,Yes,3.67
25,CUST025,Vadodara,2026-05-31,1257.04,4,1,2,1,Yes,1.33
26,CUST026,Ahmedabad,2026-01-19,2667.95,10,4,2,5,Yes,3.67
27,CUST027,Vadodara,2026-05-27,2965.82,9,4,4,2,Yes,3.33
28,CUST028,Surat,2026-06-18,2269.05,15,4,4,1,Yes,3.0
29,CUST029,Surat,2026-04-14,3695.43,27,1,2,2,Yes,1.67
30,CUST030,Rajkot,2026-02-05,2225.03,10,4,2,1,No,2.33
31,CUST031,Surat,2026-01-13,3330.3,19,1,1,2,Yes,1.33
32,CUST032,Rajkot,2026-05-05,2510.52,29,4,1,2,No,2.33
33,CUST033,Surat,2026-04-10,1472.97,27,4,3,4,No,3.67
34,CUST034,Vadodara,2026-02-18,1624.2,3,5,5,1,Yes,3.67
35,CUST035,Ahmedabad,2026-01-15,440.68,17,5,5,2,Yes,4.0
36,CUST036,Surat,2026-05-11,584.54,7,1,5,1,Yes,2.33
37,CUST037,Rajkot,2026-01-31,4719.66,20,2,5,5,Yes,4.0
38,CUST038,Surat,2026-06-08,593.52,23,5,5,5,No,5.0
39,CUST039,Ahmedabad,2026-02-22,3414.68,12,2,3,4,Yes,3.0
40,CUST040,Ahmedabad,2026-04-28,1717.65,26,1,1,4,Yes,2.0
41,CUST041,Surat,2026-05-18,1223.14,10,2,3,1,Yes,2.0
42,CUST042,Ahmedabad,2026-03-14,957.18,28,5,3,5,Yes,4.33
43,CUST043,Ahmedabad,2026-06-19,697.22,30,2,3,1,Yes,2.0
44,CUST044,Vadodara,2026-03-11,1552.43,8,3,2,3,No,2.67
45,CUST045,Ahmedabad,2026-01-14,643.03,15,3,1,1,No,1.67
46,CUST046,Vadodara,2026-06-13,4903.03,7,4,5,4,Yes,4.33
47,CUST047,Surat,2026-01-29,561.17,30,2,5,1,No,2.67
48,CUST048,Vadodara,2026-04-21,811.74,11,3,1,3,Yes,2.33
49,CUST049,Vadodara,2026-06-20,693.41,26,5,4,5,Yes,4.67
50,CUST050,Vadodara,2026-02-11,4885.79,27,2,4,1,Yes,2.33
51,CUST051,Ahmedabad,2026-04-16,4050.73,29,2,3,2,Yes,2.33
52,CUST052,Rajkot,2026-01-10,4321.25,9,2,4,3,No,3.0
53,CUST053,Vadodara,2026-02-27,313.59,8,4,3,3,Yes,3.33
54,CUST054,Ahmedabad,2026-03-31,3279.11,14,5,3,1,Yes,3.0
55,CUST055,Ahmedabad,2026-02-15,2986.83,10,1,1,5,No,2.33
56,CUST056,Ahmedabad,2026-03-22,2294.69,18,1,4,5,Yes,3.33
57,CUST057,Ahmedabad,2026-01-12,3602.17,2,5,5,2,Yes,4.0
58,CUST058,Ahmedabad,2026-04-21,535.87,23,3,5,3,Yes,3.67
59,CUST059,Ahmedabad,2026-05-10,1684.57,15,3,4,3,Yes,3.33
60,CUST060,Vadodara,2026-04-18,3391.66,14,2,5,5,Yes,4.0
61,CUST061,Ahmedabad,2026-04-14,2830.1,2,3,3,2,No,2.67
62,CUST062,Ahmedabad,2026-04-30,2320.57,23,2,5,4,Yes,3.67
63,CUST063,Surat,2026-03-14,2674.17,22,5,3,1,Yes,3.0
64,CUST064,Ahmedabad,2026-02-27,4071.5,6,1,1,2,No,1.33
65,CUST065,Surat,2026-04-27,2189.32,22,5,2,4,No,3.67
66,CUST066,Rajkot,2026-03-04,908.34,24,1,1,4,Yes,2.0
67,CUST067,Vadodara,2026-06-28,2686.2,3,5,2,1,No,2.67
68,CUST068,Vadodara,2026-04-29,3404.37,19,5,3,4,Yes,4.0
69,CUST069,Rajkot,2026-05-21,2340.39,7,4,4,3,Yes,3.67
70,CUST070,Vadodara,2026-06-13,1531.09,26,5,4,2,No,3.67
71,CUST071,Rajkot,2026-01-20,3625.02,9,3,3,3,Yes,3.0
72,CUST072,Vadodara,2026-02-08,1310.06,24,2,2,1,No,1.67
73,CUST073,Rajkot,2026-03-26,2804.53,15,1,2,4,No,2.33
74,CUST074,Surat,2026-05-28,2025.83,2,3,3,4,No,3.33
75,CUST075,Vadodara,2026-05-05,1253.22,15,4,1,4,No,3.0
76,CUST076,Rajkot,2026-02-12,4234.43,6,5,5,1,Yes,3.67
77,CUST077,Rajkot,2026-06-01,2909.08,2,1,4,2,No,2.33
78,CUST078,Vadodara,2026-01-13,1448.75,12,2,4,3,No,3.0
79,CUST079,Rajkot,2026-03-13,3809.65,28,4,3,1,No,2.67
80,CUST080,Surat,2026-05-19,450.01,13,2,1,1,Yes,1.33
81,CUST081,Vadodara,2026-02-21,4228.3,21,2,2,2,No,2.0
82,CUST082,Surat,2026-05-25,4749.23,16,3,3,2,Yes,2.67
83,CUST083,Vadodara,2026-03-21,718.87,2,3,5,4,Yes,4.0
84,CUST084,Rajkot,2026-02-20,564.78,24,2,1,3,Yes,2.0
85,CUST085,Surat,2026-03-30,2757.18,23,3,1,5,No,3.0
86,CUST086,Surat,2026-04-18,4147.19,5,4,3,4,Yes,3.67
87,CUST087,Vadodara,2026-04-22,1045.46,18,3,5,5,Yes,4.33
88,CUST088,Rajkot,2026-04-30,2290.76,25,5,3,3,Yes,3.67
89,CUST089,Surat,2026-03-13,4431.83,9,4,5,5,Yes,4.67
90,CUST090,Rajkot,2026-03-28,337.76,29,3,2,4,Yes,3.0
91,CUST091,Ahmedabad,2026-03-08,1833.63,30,5,3,5,Yes,4.33
92,CUST092,Vadodara,2026-01-22,1358.51,15,4,5,2,Yes,3.67
93,CUST093,Rajkot,2026-06-15,3616.84,16,1,1,3,Yes,1.67
94,CUST094,Rajkot,2026-06-27,1367.86,23,5,3,4,No,4.0
95,CUST095,Rajkot,2026-05-21,1787.8,24,4,3,3,No,3.33
96,CUST096,Vadodara,2026-01-31,3662.16,12,1,5,2,Yes,2.67
97,CUST097,Vadodara,2026-05-04,1527.2,20,5,5,3,Yes,4.33
98,CUST098,Surat,2026-02-19,1621.98,13,2,3,1,Yes,2.0
99,CUST099,Ahmedabad,2026-01-12,4876.62,19,3,2,4,Yes,3.0
100,CUST100,Surat,2026-05-27,1564.83,17,4,3,2,Yes,3.0
