Customer_ID,Product,Region,Quantity,Price_Per_Unit,Sales,Purchase_Date
CUST1001,Mobile,North,9,29501,265509,2026-02-27
CUST1002,Tablet,North,18,24178,435204,2026-06-01
CUST1003,Monitor,North,1,11191,11191,2026-02-25
CUST1004,Headphones,North,18,2407,43326,2026-06-16
CUST1005,Camera,West,8,27919,223352,2026-05-31
CUST1006,Keyboard,North,6,1929,11574,2026-04-19
CUST1007,Mouse,East,5,240,1200,2026-03-28
CUST1008,Mobile,North,13,29198,379574,2026-04-02
CUST1009,Mouse,East,2,1294,2588,2026-04-28
CUST1010,Camera,North,13,27161,353093,2026-05-22
CUST1011,Keyboard,East,19,893,16967,2026-06-30
CUST1012,Mobile,North,8,30583,244664,2026-03-16
CUST1013,Mobile,South,4,29778,119112,2026-03-13
CUST1014,Printer,East,6,9758,58548,2026-04-01
CUST1015,Headphones,East,3,3247,9741,2026-06-12
CUST1016,Tablet,South,6,24946,149676,2026-04-08
CUST1017,Keyboard,South,11,2226,24486,2026-01-15
CUST1018,Headphones,North,11,2821,31031,2026-03-10
CUST1019,Mobile,South,19,30794,585086,2026-03-22
CUST1020,Headphones,West,13,3811,49543,2026-06-14
CUST1021,Printer,South,9,9285,83565,2026-03-05
CUST1022,Camera,East,19,27877,529663,2026-05-30
CUST1023,Monitor,East,8,11283,90264,2026-05-11
CUST1024,Printer,North,2,10763,21526,2026-01-29
CUST1025,Tablet,South,14,25221,353094,2026-01-17
CUST1026,Monitor,West,20,11958,239160,2026-05-16
CUST1027,Keyboard,North,4,1896,7584,2026-05-18
CUST1028,Keyboard,East,4,1101,4404,2026-04-22
CUST1029,Tablet,West,1,25953,25953,2026-03-09
CUST1030,Camera,South,17,28869,490773,2026-01-28
CUST1031,Keyboard,South,5,1265,6325,2026-02-11
CUST1032,Camera,North,20,27663,553260,2026-05-06
CUST1033,Laptop,North,12,50799,609588,2026-03-20
CUST1034,Headphones,North,8,3798,30384,2026-05-26
CUST1035,Mobile,North,16,30671,490736,2026-01-18
CUST1036,Camera,South,5,28351,141755,2026-05-02
CUST1037,Camera,South,9,28080,252720,2026-06-05
CUST1038,Monitor,South,18,12546,225828,2026-06-26
CUST1039,Headphones,East,13,3375,43875,2026-06-16
CUST1040,Mouse,West,17,724,12308,2026-01-31
CUST1041,Headphones,South,3,2692,8076,2026-01-06
CUST1042,Smartwatch,South,19,6451,122569,2026-01-02
CUST1043,Mobile,North,8,29138,233104,2026-01-09
CUST1044,Mouse,North,17,287,4879,2026-03-13
CUST1045,Printer,South,18,9270,166860,2026-05-27
CUST1046,Smartwatch,West,8,7606,60848,2026-05-02
CUST1047,Monitor,South,4,11198,44792,2026-06-18
CUST1048,Monitor,East,14,11841,165774,2026-04-30
CUST1049,Laptop,North,2,49824,99648,2026-03-28
CUST1050,Mobile,South,7,29389,205723,2026-05-18
CUST1051,Printer,South,14,9375,131250,2026-03-13
CUST1052,Printer,South,3,9907,29721,2026-05-21
CUST1053,Mobile,North,18,30712,552816,2026-01-04
CUST1054,Mobile,South,6,29832,178992,2026-05-05
CUST1055,Printer,South,13,10848,141024,2026-01-16
CUST1056,Tablet,West,1,24799,24799,2026-03-09
CUST1057,Printer,East,14,10426,145964,2026-05-23
CUST1058,Printer,South,7,9607,67249,2026-02-25
CUST1059,Laptop,North,11,49117,540287,2026-01-13
CUST1060,Smartwatch,West,17,7882,133994,2026-05-16
CUST1061,Tablet,North,17,24164,410788,2026-02-17
CUST1062,Mobile,North,8,29826,238608,2026-01-31
CUST1063,Smartwatch,South,19,7217,137123,2026-01-11
CUST1064,Smartwatch,North,14,7346,102844,2026-05-30
CUST1065,Smartwatch,East,9,6418,57762,2026-06-21
CUST1066,Mouse,South,9,610,5490,2026-02-03
CUST1067,Keyboard,West,11,2402,26422,2026-01-19
CUST1068,Laptop,West,20,50153,1003060,2026-01-26
CUST1069,Mobile,South,17,29543,502231,2026-02-03
CUST1070,Mouse,North,8,556,4448,2026-03-14
CUST1071,Tablet,West,18,25440,457920,2026-03-19
CUST1072,Smartwatch,North,18,6613,119034,2026-06-19
CUST1073,Mobile,South,9,29236,263124,2026-01-28
CUST1074,Camera,South,9,27577,248193,2026-06-04
CUST1075,Headphones,East,7,3407,23849,2026-06-12
CUST1076,Keyboard,West,9,2354,21186,2026-01-14
CUST1077,Mobile,West,9,29090,261810,2026-01-01
CUST1078,Mouse,South,9,130,1170,2026-04-24
CUST1079,Camera,West,18,27019,486342,2026-01-29
CUST1080,Mobile,South,18,29073,523314,2026-04-05
CUST1081,Smartwatch,South,14,6261,87654,2026-01-11
CUST1082,Keyboard,East,2,2340,4680,2026-04-02
CUST1083,Headphones,South,4,2724,10896,2026-05-24
CUST1084,Monitor,South,8,12770,102160,2026-02-11
CUST1085,Tablet,West,1,24367,24367,2026-03-27
CUST1086,Monitor,South,9,11326,101934,2026-06-29
CUST1087,Mobile,West,2,30758,61516,2026-05-01
CUST1088,Headphones,South,15,2716,40740,2026-03-20
CUST1089,Headphones,South,1,3351,3351,2026-02-19
CUST1090,Monitor,East,9,12770,114930,2026-01-18
CUST1091,Keyboard,East,17,1318,22406,2026-06-23
CUST1092,Camera,East,1,27236,27236,2026-03-08
CUST1093,Tablet,East,2,24222,48444,2026-06-02
CUST1094,Monitor,East,11,11893,130823,2026-06-05
CUST1095,Camera,North,13,28842,374946,2026-05-28
CUST1096,Headphones,East,2,3451,6902,2026-04-22
CUST1097,Laptop,South,12,49883,598596,2026-01-18
CUST1098,Mouse,East,4,1274,5096,2026-03-18
CUST1099,Camera,East,14,27668,387352,2026-04-14
CUST1100,Keyboard,South,7,1361,9527,2026-06-20
CUST1101,Monitor,South,20,12165,243300,2026-03-19
CUST1102,Monitor,North,10,11587,115870,2026-02-23
CUST1103,Monitor,East,15,11904,178560,2026-04-24
CUST1104,Headphones,West,6,3349,20094,2026-01-22
CUST1105,Keyboard,East,3,2176,6528,2026-03-02
CUST1106,Keyboard,South,7,801,5607,2026-01-07
CUST1107,Laptop,South,16,50251,804016,2026-01-19
CUST1108,Printer,West,19,9398,178562,2026-06-28
CUST1109,Monitor,West,13,11499,149487,2026-02-07
CUST1110,Laptop,North,14,49448,692272,2026-02-15
CUST1111,Camera,West,2,28141,56282,2026-03-05
CUST1112,Mobile,West,5,30641,153205,2026-04-29
CUST1113,Camera,East,15,28254,423810,2026-05-10
CUST1114,Monitor,West,6,12523,75138,2026-05-02
CUST1115,Printer,East,8,10720,85760,2026-06-13
CUST1116,Keyboard,West,8,1062,8496,2026-04-23
CUST1117,Mobile,East,8,29556,236448,2026-03-27
CUST1118,Mouse,North,5,108,540,2026-03-01
CUST1119,Monitor,South,7,11131,77917,2026-04-17
CUST1120,Monitor,East,18,11954,215172,2026-04-17
CUST1121,Laptop,South,14,49797,697158,2026-05-30
CUST1122,Laptop,West,16,49012,784192,2026-04-01
CUST1123,Keyboard,West,14,1602,22428,2026-05-20
CUST1124,Smartwatch,South,16,6449,103184,2026-03-11
CUST1125,Monitor,West,1,11796,11796,2026-03-28
CUST1126,Monitor,South,15,12883,193245,2026-02-02
CUST1127,Smartwatch,North,13,7212,93756,2026-05-25
CUST1128,Laptop,North,14,49277,689878,2026-04-29
CUST1129,Tablet,North,9,24776,222984,2026-03-25
CUST1130,Headphones,West,11,2691,29601,2026-04-08
CUST1131,Keyboard,West,9,2209,19881,2026-01-21
CUST1132,Printer,North,18,9106,163908,2026-03-31
CUST1133,Headphones,North,2,3544,7088,2026-01-08
CUST1134,Headphones,South,1,3272,3272,2026-02-09
CUST1135,Headphones,South,16,3371,53936,2026-01-30
CUST1136,Smartwatch,South,15,7432,111480,2026-03-07
CUST1137,Mouse,South,20,1043,20860,2026-01-30
CUST1138,Tablet,East,4,25185,100740,2026-01-07
CUST1139,Keyboard,West,13,2428,31564,2026-02-20
CUST1140,Mobile,South,4,30427,121708,2026-03-19
CUST1141,Smartwatch,North,19,7602,144438,2026-01-11
CUST1142,Mouse,West,12,-59,-708,2026-05-10
CUST1143,Mouse,North,14,1484,20776,2026-05-06
CUST1144,Mobile,West,12,30301,363612,2026-04-28
CUST1145,Tablet,West,6,25502,153012,2026-05-14
CUST1146,Keyboard,West,15,1392,20880,2026-06-01
CUST1147,Keyboard,East,8,2201,17608,2026-01-23
CUST1148,Keyboard,West,8,2036,16288,2026-04-29
CUST1149,Smartwatch,West,11,6058,66638,2026-05-07
CUST1150,Mouse,South,16,234,3744,2026-04-01
CUST1151,Keyboard,East,9,2302,20718,2026-06-02
CUST1152,Keyboard,North,17,2441,41497,2026-02-18
CUST1153,Mobile,South,14,30000,420000,2026-05-23
CUST1154,Headphones,West,16,2917,46672,2026-01-05
CUST1155,Mobile,East,8,29828,238624,2026-06-27
CUST1156,Headphones,East,19,2755,52345,2026-05-02
CUST1157,Camera,East,14,28527,399378,2026-05-21
CUST1158,Mouse,East,15,354,5310,2026-03-20
CUST1159,Keyboard,South,4,1977,7908,2026-02-19
CUST1160,Mouse,North,18,1747,31446,2026-06-26
CUST1161,Tablet,South,7,25512,178584,2026-05-04
CUST1162,Keyboard,East,4,2205,8820,2026-02-19
CUST1163,Keyboard,South,12,867,10404,2026-03-19
CUST1164,Laptop,South,9,49093,441837,2026-01-14
CUST1165,Camera,East,5,28306,141530,2026-05-06
CUST1166,Mobile,North,19,29582,562058,2026-05-01
CUST1167,Printer,West,11,9377,103147,2026-01-14
CUST1168,Keyboard,West,4,2183,8732,2026-01-17
CUST1169,Monitor,West,3,12181,36543,2026-06-11
CUST1170,Laptop,South,5,50661,253305,2026-05-25
CUST1171,Keyboard,North,8,742,5936,2026-05-23
CUST1172,Monitor,South,17,11779,200243,2026-04-26
CUST1173,Printer,East,19,9878,187682,2026-03-20
CUST1174,Smartwatch,North,20,7966,159320,2026-01-26
CUST1175,Headphones,South,9,3352,30168,2026-01-21
CUST1176,Tablet,South,6,25130,150780,2026-01-20
CUST1177,Tablet,North,14,24922,348908,2026-06-26
CUST1178,Smartwatch,West,10,6066,60660,2026-03-01
CUST1179,Keyboard,East,15,645,9675,2026-06-25
CUST1180,Headphones,East,19,3354,63726,2026-02-20
CUST1181,Monitor,North,18,11460,206280,2026-06-15
CUST1182,Tablet,East,5,24146,120730,2026-01-16
CUST1183,Tablet,East,20,25533,510660,2026-05-26
CUST1184,Keyboard,West,4,1459,5836,2026-06-26
CUST1185,Keyboard,West,9,1524,13716,2026-05-19
CUST1186,Printer,West,3,10224,30672,2026-01-11
CUST1187,Monitor,East,20,11512,230240,2026-01-07
CUST1188,Mobile,South,19,30202,573838,2026-01-06
CUST1189,Keyboard,North,6,1463,8778,2026-05-13
CUST1190,Printer,East,6,10198,61188,2026-04-22
CUST1191,Printer,North,16,9712,155392,2026-04-15
CUST1192,Mouse,East,4,1556,6224,2026-02-11
CUST1193,Mouse,West,16,390,6240,2026-06-19
CUST1194,Monitor,North,15,11180,167700,2026-03-22
CUST1195,Keyboard,East,4,2486,9944,2026-04-14
CUST1196,Camera,North,18,27946,503028,2026-04-16
CUST1197,Laptop,South,17,49740,845580,2026-06-09
CUST1198,Printer,West,2,9416,18832,2026-03-10
CUST1199,Camera,South,10,27897,278970,2026-06-28
CUST1200,Printer,North,1,10993,10993,2026-06-11
